Employee ID,# of Badges,Years at Company,Recommended page,AWS Apprentice,Agile Master,Banking Foundations,Becoming a Manager,Data Literacy,Jira Master,Microservices,"Microservices,Becoming a Manager",Risk Management,"Risk Management,Becoming a Manager",Secure Dev,0,1,2,3,4,5,6,7,8,CBEX Associate,Cloud Engineer,Data Analyst,HR Associate,Innovation Manager,Scrum Master,Software Engineer,Hourly,Salary
D123489,0.2,0.10344827586206896,7,0,0,0,0,0,0,0,0,1,0,0,0,0,0,0,1,0,0,1,0,0,0,0,1,0,0,0,0,1
D123547,0.4,0.06896551724137931,3,0,0,1,0,0,0,1,0,0,0,0,0,1,0,1,0,0,0,0,0,1,0,0,0,0,0,0,0,1
D324367,0.2,0.3448275862068966,5,1,0,0,0,0,0,0,0,0,0,0,1,0,0,0,0,0,0,0,0,0,1,0,0,0,0,0,1,0
D123555,0.4,0.10344827586206896,5,0,0,0,0,1,0,0,0,1,0,0,0,0,0,0,1,1,0,0,0,0,0,1,0,0,0,0,0,1
D123500,0.6,0.13793103448275862,5,0,0,1,1,1,0,0,0,0,0,0,0,0,0,1,0,1,0,0,0,0,0,1,0,0,0,0,0,1
D324387,0.6,0.6551724137931034,5,1,0,0,0,0,1,1,0,0,0,0,0,0,1,0,0,1,0,0,1,0,0,0,0,0,1,0,1,0
D123512,0.4,0.06896551724137931,3,0,0,1,0,0,0,1,0,0,0,0,0,1,1,1,0,0,0,0,0,1,0,0,0,0,0,0,0,1
D123505,0.4,0.06896551724137931,5,1,0,0,0,0,1,0,0,0,0,0,0,1,0,0,0,1,0,0,1,0,1,0,0,0,0,0,0,1
D123471,0.2,0.06896551724137931,5,0,0,0,0,0,0,1,0,0,0,0,0,0,1,0,0,1,0,0,0,0,0,0,0,0,0,1,1,0
D123483,0.8,0.13793103448275862,3,0,0,1,0,0,1,1,0,1,0,0,0,1,0,1,0,0,0,0,0,1,0,0,0,0,0,0,0,1
D123516,0.2,0.10344827586206896,8,0,1,0,0,0,0,0,0,0,0,0,0,0,1,0,0,0,0,0,1,0,0,0,0,0,1,0,1,0
D123467,0.2,0.10344827586206896,5,1,0,0,0,0,0,0,0,0,0,0,0,0,1,0,0,1,0,0,1,0,1,0,0,0,0,0,1,0
D123546,0.8,0.13793103448275862,5,0,0,0,0,0,1,1,0,1,0,1,0,0,1,0,0,1,0,0,0,0,0,0,0,0,0,1,1,0
D123497,0.8,0.13793103448275862,3,0,0,1,0,0,1,1,0,1,0,0,0,1,0,1,0,0,0,0,0,1,0,0,0,0,0,0,0,1
D123479,0.4,0.06896551724137931,5,0,0,1,0,1,0,0,0,0,0,0,0,0,0,1,0,1,0,0,0,0,0,1,0,0,0,0,0,1
D324391,0.4,0.27586206896551724,5,0,0,0,0,1,0,0,0,1,0,0,0,0,1,0,0,1,0,0,0,0,0,0,0,0,0,1,1,0
D324393,0.6,0.034482758620689655,5,0,1,0,1,0,1,0,0,0,0,0,0,0,0,0,0,1,0,1,0,0,0,0,0,0,0,1,0,1
D123480,0.2,0.13793103448275862,6,0,0,0,0,0,1,0,0,0,0,0,0,0,1,0,0,0,1,0,0,0,0,0,0,1,0,0,1,0
D324374,1.0,0.2413793103448276,4,0,0,1,1,0,0,1,0,1,0,1,1,0,0,0,0,0,0,0,0,1,0,0,0,0,0,0,0,1
D324382,0.0,0.0,7,0,0,0,0,0,0,0,0,0,0,0,0,1,0,0,0,0,1,0,0,0,0,0,1,0,0,0,0,1
D123514,0.4,0.1724137931034483,5,0,0,0,0,1,0,0,0,1,0,0,0,0,0,0,1,1,1,0,0,0,0,0,0,1,0,0,0,1
D123477,0.4,0.06896551724137931,8,0,1,0,0,0,1,0,0,0,0,0,0,0,1,0,0,0,0,0,1,0,0,0,0,0,1,0,1,0
D123527,0.2,0.10344827586206896,2,0,0,0,0,1,0,0,0,0,0,0,0,0,1,0,0,1,0,0,0,0,0,1,0,0,0,0,1,0
D324385,0.2,0.3103448275862069,6,0,0,0,0,0,0,0,0,1,0,0,1,0,0,0,0,0,0,0,0,0,0,0,0,1,0,0,0,1
D123484,0.4,0.10344827586206896,5,0,1,0,0,0,1,0,0,0,0,0,0,0,1,0,0,1,0,0,1,0,0,0,0,0,1,0,1,0
D123459,0.4,0.1724137931034483,6,0,1,0,0,0,0,0,0,1,0,0,0,0,0,0,0,0,1,0,1,0,0,0,0,1,0,0,0,1
D123463,0.4,0.06896551724137931,8,0,1,0,0,0,1,0,0,0,0,0,0,0,1,0,0,1,0,0,1,0,0,0,0,0,1,0,1,0
D123487,0.4,0.1724137931034483,6,0,1,0,0,0,1,0,0,0,0,0,0,0,0,0,0,0,1,0,1,0,0,0,0,1,0,0,0,1
D123553,0.6,0.13793103448275862,5,0,0,0,0,0,0,1,0,1,0,1,0,0,0,0,1,1,0,0,0,0,0,0,0,0,0,1,0,1
D324370,0.2,0.27586206896551724,2,1,0,0,1,0,0,0,0,0,0,0,1,0,0,0,0,0,0,0,0,0,1,0,0,0,0,0,1,0
D123458,0.4,0.13793103448275862,5,0,0,1,0,1,0,0,0,0,0,0,0,0,0,1,0,1,0,0,0,0,0,1,0,0,0,0,0,1
D324375,1.0,0.1724137931034483,5,0,0,0,1,1,0,1,0,1,0,1,1,0,0,0,0,0,0,0,0,0,0,1,0,0,0,0,1,0
D123461,0.2,0.10344827586206896,7,0,0,0,0,0,0,0,0,1,0,0,0,0,0,0,1,0,0,1,0,0,0,0,1,0,0,0,0,1
D123549,0.2,0.1724137931034483,6,0,0,0,0,0,0,0,0,1,0,0,0,0,0,0,1,0,1,0,0,0,0,0,0,1,0,0,0,1
D123550,0.6,0.13793103448275862,5,1,0,0,0,0,1,1,0,0,0,0,0,1,0,0,0,1,0,0,0,0,1,0,0,0,0,0,0,1
D324389,0.2,0.10344827586206896,8,0,1,0,0,0,0,0,0,0,0,0,1,0,0,0,0,0,0,0,0,0,0,0,0,0,1,0,0,1
D123532,0.6,0.13793103448275862,5,0,0,0,0,0,1,1,0,0,0,1,0,0,0,0,0,1,0,0,1,0,0,0,0,0,0,1,0,1
D123490,0.8,0.20689655172413793,3,0,0,1,0,0,1,1,0,1,0,0,0,1,0,1,0,0,0,0,1,1,0,0,0,0,0,0,0,1
D324373,0.6,0.06896551724137931,3,0,0,1,1,0,0,0,0,1,0,0,1,0,0,0,0,0,0,0,0,1,0,0,0,0,0,0,0,1
D123521,0.2,0.1724137931034483,6,0,0,0,0,0,0,0,0,1,0,0,0,0,0,0,1,0,1,0,0,0,0,0,0,1,0,0,0,1
D123556,0.2,0.1724137931034483,6,0,0,0,0,0,0,0,0,1,0,0,0,0,0,0,1,0,1,0,0,0,0,0,0,1,0,0,0,1
D123456,0.4,0.10344827586206896,8,0,1,0,0,0,1,0,0,0,0,0,0,0,1,0,0,0,0,0,1,0,0,0,0,0,1,0,1,0
D123558,0.4,0.06896551724137931,8,0,1,0,0,0,1,0,0,0,0,0,0,0,1,0,0,0,0,0,1,0,0,0,0,0,1,0,1,0
D123470,0.4,0.10344827586206896,8,0,1,0,0,0,1,0,0,0,0,0,0,1,1,0,0,0,0,0,1,0,0,0,0,0,1,0,1,0
D123557,0.8,0.13793103448275862,5,1,0,0,0,0,1,0,1,0,0,0,0,1,0,0,0,1,0,0,0,0,1,0,0,0,0,0,0,1
D123460,0.4,0.1724137931034483,5,1,0,0,0,0,0,0,0,1,0,0,0,0,0,0,1,1,0,0,0,0,1,0,0,0,0,0,0,1
D123469,0.8,0.13793103448275862,3,0,0,1,0,0,1,1,0,1,0,0,0,0,0,1,1,0,0,0,0,1,0,0,0,0,0,0,0,1
D123513,0.2,0.13793103448275862,5,0,0,0,0,1,0,0,0,0,0,0,0,0,1,0,0,1,0,0,0,0,0,1,0,0,0,0,1,0
D123508,0.6,0.1724137931034483,3,0,1,0,0,0,0,1,0,1,0,0,0,0,0,1,0,0,0,0,1,1,0,0,0,0,0,0,0,1
D123473,0.2,0.1724137931034483,6,0,1,0,0,0,0,0,0,0,0,0,0,0,0,0,0,0,1,0,1,0,0,0,0,1,0,0,0,1
D324386,0.8,0.3793103448275862,5,0,0,1,0,0,1,1,0,1,0,0,0,0,0,0,1,1,0,0,0,0,0,0,0,1,0,0,0,1
D123548,0.2,0.4482758620689655,5,0,0,0,0,1,0,0,0,0,0,0,0,1,0,0,0,1,0,0,0,0,0,1,0,0,0,0,0,1
D123529,0.8,0.13793103448275862,5,1,0,0,1,0,1,1,0,0,0,0,0,0,1,0,0,1,0,1,0,0,1,0,0,0,0,0,1,0
D123510,0.4,0.4482758620689655,7,0,0,0,0,0,1,0,0,1,0,0,0,0,0,0,1,0,0,1,0,0,0,0,1,0,0,0,0,1
D123517,0.2,0.1724137931034483,7,0,0,0,0,0,0,0,0,1,0,0,0,0,0,0,1,0,0,1,0,0,0,0,1,0,0,0,0,1
D123534,0.2,0.10344827586206896,5,0,0,0,0,1,0,0,0,0,0,0,0,1,0,0,0,1,0,0,0,0,0,1,0,0,0,0,0,1
D123540,0.8,0.7586206896551724,3,0,0,1,1,0,0,1,0,1,0,0,0,0,0,1,1,0,0,1,0,1,0,0,0,0,0,0,0,1
D123537,0.2,0.10344827586206896,8,0,1,0,0,0,0,0,0,0,0,0,0,0,1,0,0,0,0,0,1,0,0,0,0,0,1,0,1,0
D123542,0.2,0.1724137931034483,6,0,0,0,0,0,0,0,0,1,0,0,0,0,0,0,1,0,1,0,0,0,0,0,0,1,0,0,0,1
D324394,0.2,0.0,5,0,0,0,0,1,0,0,0,0,0,0,1,0,0,0,0,0,0,0,0,0,0,0,0,0,0,1,0,1
D123498,0.4,0.10344827586206896,8,0,1,0,0,0,1,0,0,0,0,0,0,0,1,0,0,0,0,0,1,0,0,0,0,0,1,0,1,0
D123478,0.2,0.10344827586206896,5,0,0,0,0,0,0,1,0,0,0,0,0,1,0,0,0,1,0,0,0,0,0,0,0,0,0,1,0,1
D324381,0.6,0.0,7,0,0,1,0,0,0,1,0,1,0,0,1,0,0,0,0,0,0,0,0,0,0,0,1,0,0,0,1,0
D123518,0.8,0.13793103448275862,5,0,0,0,0,0,1,1,0,1,0,1,0,0,0,0,1,1,0,0,0,0,0,0,0,0,0,1,0,1
D123495,0.2,0.10344827586206896,5,1,0,0,0,0,0,0,0,0,0,0,0,1,0,0,0,1,0,0,0,0,1,0,0,0,0,0,0,1
D123492,0.2,0.10344827586206896,5,0,0,0,0,0,0,1,0,0,0,0,0,0,1,0,0,1,0,0,0,0,0,0,0,0,0,1,1,0
D123524,0.2,0.1724137931034483,7,0,0,0,0,0,0,0,0,1,0,0,0,0,0,0,1,0,0,1,0,0,0,0,1,0,0,0,0,1
D123561,0.4,0.0,2,0,0,1,0,0,0,1,0,0,0,0,0,0,1,1,0,0,0,0,0,1,0,0,0,0,0,0,1,0
D123507,0.2,0.13793103448275862,6,0,0,0,0,0,0,0,0,1,0,0,0,1,0,0,0,0,1,0,0,0,0,0,0,1,0,0,0,1
D123464,0.2,0.10344827586206896,5,0,0,0,0,0,0,1,0,0,0,0,0,1,0,0,0,1,0,0,1,0,0,0,0,0,0,1,0,1
D123494,0.4,0.13793103448275862,8,0,1,0,0,0,1,0,0,0,0,0,0,0,0,0,0,0,1,0,1,0,0,0,0,1,0,0,0,1
D123466,0.6,0.13793103448275862,8,0,1,0,1,0,1,0,0,0,0,0,0,0,0,0,0,0,1,0,1,0,0,0,0,1,0,0,0,1
D123539,0.8,0.13793103448275862,5,0,0,0,0,0,1,1,0,1,0,1,0,0,0,0,1,1,0,0,1,0,0,0,0,0,0,1,0,1
D123545,0.2,0.0,2,0,0,0,0,0,1,0,0,0,0,0,0,0,1,0,0,0,0,1,0,0,0,0,1,0,0,0,1,0
D324392,0.4,0.06896551724137931,8,0,1,0,0,0,1,0,0,0,0,0,1,0,0,0,0,0,0,0,0,0,0,0,0,0,0,1,0,1
D123543,0.6,0.13793103448275862,5,1,0,0,0,0,1,1,0,0,0,0,0,0,1,0,0,1,0,0,0,0,1,0,0,0,0,0,1,0
D123531,0.4,0.1724137931034483,7,0,0,0,0,0,1,0,0,1,0,0,0,0,0,0,1,0,0,1,0,0,0,0,1,0,0,0,0,1
D123472,0.4,0.13793103448275862,5,0,0,1,0,1,0,0,0,0,0,0,0,0,0,1,0,1,0,0,0,0,0,1,0,0,0,0,0,1
D324390,0.8,0.20689655172413793,8,0,0,0,0,0,1,1,0,1,0,1,0,0,0,0,0,1,0,0,1,0,0,0,0,0,1,0,0,1
D123509,0.4,0.13793103448275862,8,0,1,0,1,0,0,0,0,0,0,0,0,0,1,0,0,0,0,0,1,0,0,0,0,0,1,0,1,0
D123535,0.4,0.1724137931034483,6,0,0,0,0,0,0,0,0,0,1,0,0,0,0,0,1,0,1,0,0,0,0,0,0,1,0,0,0,1
D123530,0.2,0.10344827586206896,8,0,1,0,0,0,0,0,0,0,0,0,0,0,1,0,0,0,0,0,1,0,0,0,0,0,1,0,1,0
D324368,0.6,0.034482758620689655,5,0,0,0,1,0,0,1,0,0,0,1,1,0,0,0,0,0,0,0,0,0,1,0,0,0,0,0,0,1
D123533,0.4,0.06896551724137931,3,0,0,1,0,0,0,1,0,0,0,0,0,0,0,1,0,1,0,0,0,1,0,0,0,0,0,0,0,1
D123499,0.2,0.06896551724137931,5,0,0,0,0,0,0,1,0,0,0,0,0,1,0,0,0,1,0,0,0,0,0,0,0,0,0,1,0,1
D123488,0.2,0.13793103448275862,5,1,0,0,0,0,0,0,0,0,0,0,0,1,0,0,0,1,0,0,0,0,1,0,0,0,0,0,0,1
D324372,0.4,0.10344827586206896,3,0,0,1,0,0,1,0,0,0,0,0,1,0,0,0,0,0,0,0,0,1,0,0,0,0,0,0,0,1
D123528,0.4,0.1724137931034483,6,0,1,0,0,0,0,0,0,1,0,0,0,0,1,0,0,0,1,0,0,0,0,0,0,1,0,0,1,0
D123476,0.8,0.20689655172413793,3,0,0,1,0,0,1,1,0,1,0,0,0,0,0,1,0,0,0,0,1,1,0,0,0,0,0,0,0,1
D123465,0.2,0.41379310344827586,5,0,0,1,0,0,0,0,0,0,0,0,0,0,0,1,0,1,0,0,0,0,0,1,0,0,0,0,0,1
D123481,0.2,0.10344827586206896,5,1,0,0,0,0,0,0,0,0,0,0,0,1,0,0,1,1,0,0,0,0,1,0,0,0,0,0,0,1
D123493,0.4,0.06896551724137931,5,0,0,1,0,1,0,0,0,0,0,0,0,0,0,1,0,1,0,0,0,0,0,1,0,0,0,0,0,1
D123503,0.2,0.10344827586206896,7,0,0,0,0,0,0,0,0,1,0,0,0,0,0,0,1,0,0,1,0,0,0,0,1,0,0,0,0,1
D123515,0.6,0.13793103448275862,5,1,0,0,0,0,1,1,0,0,0,0,0,0,0,0,0,1,0,0,1,0,1,0,0,0,0,0,0,1
D123522,0.6,0.13793103448275862,5,1,0,0,0,0,1,1,0,0,0,0,0,1,0,0,0,1,0,0,0,0,1,0,0,0,0,0,0,1
D123526,0.4,0.06896551724137931,2,0,0,1,0,0,0,1,0,0,0,0,0,0,1,0,0,0,0,0,0,1,0,0,0,0,0,0,1,0
D123506,0.4,0.10344827586206896,5,0,0,1,0,1,0,0,0,0,0,0,0,0,0,1,0,1,0,0,0,0,0,1,0,0,0,0,0,1
D324379,0.0,0.41379310344827586,7,0,0,0,0,0,0,0,0,0,0,0,1,0,0,0,0,0,0,0,0,0,0,0,1,0,0,0,0,1
D123475,0.6,0.10344827586206896,8,0,1,0,0,0,1,0,0,1,0,0,0,0,0,0,1,0,0,1,1,0,0,0,1,0,0,0,0,1
D123552,0.2,0.1724137931034483,7,0,0,0,0,0,1,0,0,0,0,0,0,0,0,0,1,0,0,1,0,0,0,0,1,0,0,0,0,1
D123551,0.2,0.10344827586206896,8,0,1,0,0,0,0,0,0,0,0,0,0,0,1,0,0,0,0,0,1,0,0,0,0,0,1,0,1,0
D123519,0.4,0.06896551724137931,3,0,0,1,0,0,0,1,0,0,0,0,0,0,0,1,0,0,1,0,0,1,0,0,0,0,0,0,0,1
D123520,0.2,0.10344827586206896,5,0,0,0,0,1,0,0,0,0,0,0,0,1,0,0,0,1,0,0,0,0,0,1,0,0,0,0,0,1
D324383,0.4,0.10344827586206896,6,0,0,1,0,1,0,0,0,0,0,0,0,0,0,0,0,1,0,0,0,0,0,0,0,1,0,0,0,1
D123560,0.8,0.13793103448275862,5,0,0,0,0,0,1,1,0,1,0,1,0,0,1,0,0,1,0,0,0,0,0,0,0,0,0,1,1,0
D123541,0.2,0.10344827586206896,5,0,0,0,0,1,0,0,0,0,0,0,0,1,0,0,0,1,0,0,0,0,0,1,0,0,0,0,0,1
D324380,0.8,0.3103448275862069,5,1,0,0,1,1,0,1,0,0,0,0,1,0,0,0,0,0,0,0,0,0,0,0,1,0,0,0,1,0
